{
  "132b5dbe-cfcc-453e-8a5b-0a2f97148faa": {
    "last_change_ts": 1763594279.7922285,
    "last_offline_alert_ts": 1763592728.2173364,
    "online": true
  },
  "154ee94e-011e-4d4a-b90a-99836820902b": {
    "last_change_ts": 1769377942.482338,
    "last_offline_alert_ts": 1769373001.377403,
    "online": true
  },
  "16f01e0e-a027-4863-9074-48cac2fe94fa": {
    "last_change_ts": 1769335979.7892926,
    "last_offline_alert_ts": 1769330043.2880142,
    "online": true
  },
  "16f68f71-b149-41b5-9a7a-b52668cffbce": {
    "last_change_ts": 1769678925.0290737,
    "last_offline_alert_ts": 1769676646.8840861,
    "online": true
  },
  "1d2ef228-a32a-4617-9ff9-c5276f44b0ca": {
    "last_change_ts": 1762714003.8989189,
    "last_offline_alert_ts": 1762712866.0886097,
    "online": true
  },
  "22ca2ef0-038e-467a-9cce-f898c7090ddc": {
    "last_change_ts": 1762714790.970415,
    "last_offline_alert_ts": 1762712866.0886097,
    "online": true
  },
  "2beb0699-55ec-42ce-9944-c1825fbe1b68": {
    "last_change_ts": 1762714003.8989189,
    "last_offline_alert_ts": 1762712866.0886097,
    "online": true
  },
  "2c311fb4-58a6-4797-85eb-7e6c29350ada": {
    "last_change_ts": 1770005801.585754,
    "last_offline_alert_ts": 1769993156.3855462,
    "online": true
  },
  "2edda043-b68c-4fe8-b99b-357b3da11b15": {
    "last_change_ts": 1763649975.62772,
    "online": true
  },
  "39e9b34b-5c78-468c-9b66-221f01f7cf49": {
    "last_change_ts": 1769334035.5115836,
    "last_offline_alert_ts": 1769330043.2880142,
    "online": true
  },
  "3d68ec66-bf32-47e7-b577-0c4b8d611bae": {
    "last_change_ts": 1762714003.8989189,
    "last_offline_alert_ts": 1762712866.0886097,
    "online": true
  },
  "42f6a629-b463-4300-8b93-94038192f36c": {
    "last_change_ts": 1768326389.2278972,
    "last_offline_alert_ts": 1770469597.3548512,
    "online": false
  },
  "436b9e83-ad5f-4b19-86d1-e76c9dbc8835": {
    "last_change_ts": 1765453472.573115,
    "last_offline_alert_ts": 1765410310.6067915,
    "online": true
  },
  "43efdec7-a9ce-40c7-bc77-2cba4b4afea1": {
    "last_change_ts": 1769335979.7892926,
    "last_offline_alert_ts": 1769328945.3604128,
    "online": true
  },
  "443a0e44-d8c2-4d8e-ace3-bc5ba15cea87": {
    "last_change_ts": 1766840132.0769274,
    "last_offline_alert_ts": 1770469597.3548512,
    "online": false
  },
  "44bdeef4-6acd-495e-9fb0-353740869d0c": {
    "last_change_ts": 1765720476.4549832,
    "last_offline_alert_ts": 1765719667.457061,
    "online": true
  },
  "498cf7d3-815d-432e-a48f-e292d5081d4f": {
    "last_change_ts": 1769686521.3482468,
    "last_offline_alert_ts": 1769676646.8840861,
    "online": true
  },
  "4c8ce385-5d7e-4837-b403-52acd35614e2": {
    "last_change_ts": 1766834895.122877,
    "last_offline_alert_ts": 1770469597.3548512,
    "online": false
  },
  "4ea29722-c92a-4a4e-8a6c-8e6511bbd22a": {
    "last_change_ts": 1763594279.7922285,
    "last_offline_alert_ts": 1763591916.4379835,
    "online": true
  },
  "5024f5b5-0a84-4da5-af7b-f87ec99024d1": {
    "last_change_ts": 1769159712.3857083,
    "last_offline_alert_ts": 1769137383.088907,
    "online": true
  },
  "51234b52-a0d7-4156-a7a2-05bd11890802": {
    "last_change_ts": 1762714003.8989189,
    "last_offline_alert_ts": 1762712866.0886097,
    "online": true
  },
  "516ffcb2-8c9d-4127-84b5-ef57b92da7c2": {
    "last_change_ts": 1769411776.5142748,
    "last_offline_alert_ts": 1769396568.7480192,
    "online": true
  },
  "57681ac3-c580-4cf7-84da-a7e397fa6fca": {
    "last_change_ts": 1761681155.124196,
    "last_offline_alert_ts": 1770471025.4358044,
    "online": false
  },
  "58529034-b38c-4db0-b283-da38166e0faa": {
    "last_change_ts": 1770056786.5744884,
    "last_offline_alert_ts": 1770046958.5032053,
    "online": true
  },
  "58a0e832-dbf9-47a3-a913-1d1cca293888": {
    "last_change_ts": 1769335979.7892926,
    "last_offline_alert_ts": 1769328945.3604128,
    "online": true
  },
  "5a3286ae-7fd9-4fa5-bf53-d96969dd2f48": {
    "last_change_ts": 1768381105.3753173,
    "last_offline_alert_ts": 1768346830.0454707,
    "online": true
  },
  "60aa2859-5b86-4010-a0b6-363de8f5b7e4": {
    "last_change_ts": 1769375097.183997,
    "last_offline_alert_ts": 1769373001.377403,
    "online": true
  },
  "637414fb-aad2-4dc1-b69a-fb69e2d41511": {
    "last_change_ts": 1768136321.096846,
    "last_offline_alert_ts": 1770471025.4358044,
    "online": false
  },
  "651b3d02-55dc-49f7-8c41-5a860930fc77": {
    "last_change_ts": 1762714003.8989189,
    "last_offline_alert_ts": 1762712866.0886097,
    "online": true
  },
  "6678a7dd-9cb6-4d07-ac53-53670952d2d8": {
    "last_change_ts": 1769335979.7892926,
    "last_offline_alert_ts": 1769330043.2880142,
    "online": true
  },
  "672a424d-05e9-4948-8a21-c7f9ad83f2a5": {
    "last_change_ts": 1769335196.6245449,
    "last_offline_alert_ts": 1769328945.3604128,
    "online": true
  },
  "677c8bc8-ef89-47d2-b884-0cd1b2f0472b": {
    "last_change_ts": 1768623577.9056363,
    "last_offline_alert_ts": 1768604175.995929,
    "online": true
  },
  "6d6bb0d2-d3f6-4dfd-9dd3-769de8206e4b": {
    "last_change_ts": 1769375097.183997,
    "last_offline_alert_ts": 1769373761.0449502,
    "online": true
  },
  "74b8d5c6-bb1c-446e-b96f-cbddc4c114f0": {
    "last_change_ts": 1769335979.7892926,
    "last_offline_alert_ts": 1769328945.3604128,
    "online": true
  },
  "75253129-800f-49a4-81e2-603651865b10": {
    "last_change_ts": 1762714003.8989189,
    "last_offline_alert_ts": 1762712866.0886097,
    "online": true
  },
  "7bb12476-e733-4b93-9c32-eead897d0df2": {
    "last_change_ts": 1763594279.7922285,
    "last_offline_alert_ts": 1763591916.4379835,
    "online": true
  },
  "7d1105cb-91ed-4e80-b9a0-fcf0501d1578": {
    "last_change_ts": 1769334035.5115836,
    "last_offline_alert_ts": 1769330043.2880142,
    "online": true
  },
  "82112883-b404-411b-a1cb-2f3e72da5b64": {
    "last_change_ts": 1769335979.7892926,
    "last_offline_alert_ts": 1769328945.3604128,
    "online": true
  },
  "82a7b776-554f-48f7-8f54-5547ba10cb86": {
    "last_change_ts": 1761681155.124196,
    "last_offline_alert_ts": 1770471025.4358044,
    "online": false
  },
  "8e59acc1-f507-4861-b592-d6ced6c7de00": {
    "last_change_ts": 1762714003.8989189,
    "last_offline_alert_ts": 1762712866.0886097,
    "online": true
  },
  "8f5cc08c-7918-4647-977a-3535b0a32b76": {
    "last_change_ts": 1769502798.4704256,
    "last_offline_alert_ts": 1769461408.6812758,
    "online": true
  },
  "8fa6afd1-b0db-43eb-b2e6-60cb00d4b25b": {
    "last_change_ts": 1769335979.7892926,
    "last_offline_alert_ts": 1769328945.3604128,
    "online": true
  },
  "94b79946-04b0-4ce3-a383-7bcb7750b5f1": {
    "last_change_ts": 1769159712.3857083,
    "last_offline_alert_ts": 1769137383.088907,
    "online": true
  },
  "98abbbc8-9d75-41e3-9b40-e044cef97fb2": {
    "last_change_ts": 1761799348.6964183,
    "last_offline_alert_ts": 1770442300.7679648,
    "online": false
  },
  "99fff13f-2435-4fd1-9e4d-282846f2ca2e": {
    "last_change_ts": 1769855414.383596,
    "last_offline_alert_ts": 1769834230.4946465,
    "online": true
  },
  "9b3e3d4e-ad6b-40ad-99b1-76b4a00a40ab": {
    "last_change_ts": 1769855414.383596,
    "last_offline_alert_ts": 1769834230.4946465,
    "online": true
  },
  "9cfc0eb8-fd07-49bc-ae16-d7a2e75d17eb": {
    "last_change_ts": 1770374908.0583,
    "last_offline_alert_ts": 1770355514.230637,
    "online": true
  },
  "_meta": {
    "initialized": true,
    "since": 1761681155.124196
  },
  "a3062446-5bb4-4d73-be12-854ff28849bb": {
    "last_change_ts": 1769335196.6245449,
    "last_offline_alert_ts": 1769328945.3604128,
    "online": true
  },
  "a365e2c8-5e78-422c-baea-f493b169e0c7": {
    "last_change_ts": 1761681155.124196,
    "online": true
  },
  "a3ae834b-74de-416c-adb9-da924187685b": {
    "last_change_ts": 1769335196.6245449,
    "last_offline_alert_ts": 1769328945.3604128,
    "online": true
  },
  "a6218c15-41d0-4afc-9081-f3875de01fad": {
    "last_change_ts": 1770144717.225519,